date,PM25,PM10,O3,NO2,SO2,CO
2019-06-14,0.0,35.0,25.0,4.0,4.0,6.0
2019-06-15,58.0,39.0,26.0,3.0,4.0,6.0
2019-06-16,60.0,24.0,26.0,3.0,4.0,7.0
2019-06-17,46.0,39.0,31.0,3.0,3.0,5.0
2019-06-18,67.0,43.0,32.0,3.0,4.0,4.0
2019-06-19,73.0,47.0,31.0,3.0,4.0,5.0
2019-06-20,58.0,44.0,35.0,3.0,4.0,5.0
2019-06-21,55.0,35.0,13.0,3.0,4.0,4.0
2019-06-22,56.0,41.0,0.0,1.0,4.0,3.0
2019-06-23,163.0,0.0,0.0,0.0,0.0,0.0
2019-06-24,,,,,,
2019-06-25,,,,,,
2019-06-26,,,,,,
2019-06-27,,,,,,
2019-06-28,,,,,,
2019-06-29,,,,,,
2019-06-30,,,,,,
2019-07-01,,,,,,
2019-07-02,,,,,,
2019-07-03,,,,,,
2019-07-04,,,,,,
2019-07-05,,,,,,
2019-07-06,,,,,,
2019-07-07,,,,,,
2019-07-08,,,,,,
2019-07-09,,,,,,
2019-07-10,,,,,,
2019-07-11,,,,,,
2019-07-12,,,,,,
2019-07-13,,,,,,
2019-07-14,,,,,,
2019-07-15,,,,,,
2019-07-16,,,,,,
2019-07-17,,,,,,
2019-07-18,,,,,,
2019-07-19,0.0,23.0,7.0,4.0,4.0,5.0
2019-07-20,74.0,29.0,22.0,4.0,4.0,6.0
2019-07-21,69.0,23.0,27.0,3.0,4.0,6.0
2019-07-22,61.0,27.0,15.0,3.0,4.0,4.0
2019-07-23,68.0,21.0,16.0,4.0,4.0,6.0
2019-07-24,63.0,35.0,13.0,4.0,4.0,6.0
2019-07-25,70.0,24.0,13.0,5.0,4.0,6.0
2019-07-26,61.0,33.0,35.0,5.0,4.0,6.0
2019-07-27,72.0,43.0,38.0,5.0,4.0,6.0
2019-07-28,86.0,26.0,35.0,6.0,4.0,6.0
2019-07-29,60.0,46.0,66.0,6.0,4.0,7.0
2019-07-30,97.0,30.0,76.0,4.0,4.0,6.0
2019-07-31,72.0,36.0,71.0,4.0,4.0,6.0
2019-08-01,74.0,30.0,81.0,4.0,4.0,7.0
2019-08-02,85.0,25.0,63.0,5.0,4.0,7.0
2019-08-03,59.0,30.0,62.0,4.0,4.0,7.0
2019-08-04,69.0,13.0,43.0,4.0,3.0,7.0
2019-08-05,38.0,22.0,48.0,4.0,4.0,4.0
2019-08-06,48.0,30.0,36.0,4.0,4.0,3.0
2019-08-07,58.0,23.0,44.0,5.0,4.0,3.0
2019-08-08,54.0,27.0,31.0,5.0,4.0,3.0
2019-08-09,60.0,38.0,69.0,5.0,4.0,3.0
2019-08-10,63.0,27.0,82.0,4.0,4.0,3.0
2019-08-11,61.0,37.0,96.0,4.0,4.0,4.0
2019-08-12,69.0,53.0,94.0,4.0,4.0,5.0
2019-08-13,87.0,39.0,84.0,4.0,4.0,5.0
2019-08-14,74.0,30.0,99.0,3.0,4.0,4.0
2019-08-15,63.0,43.0,81.0,4.0,4.0,5.0
2019-08-16,78.0,24.0,36.0,5.0,4.0,4.0
2019-08-17,51.0,24.0,48.0,4.0,4.0,5.0
2019-08-18,58.0,35.0,34.0,5.0,4.0,6.0
2019-08-19,70.0,0.0,0.0,0.0,0.0,0.0
2019-08-20,0.0,31.0,37.0,4.0,4.0,6.0
2019-08-21,67.0,23.0,39.0,4.0,4.0,7.0
2019-08-22,49.0,60.0,43.0,4.0,4.0,7.0
2019-08-23,111.0,21.0,39.0,3.0,4.0,6.0
2019-08-24,39.0,35.0,37.0,4.0,4.0,5.0
2019-08-25,60.0,30.0,33.0,4.0,4.0,5.0
2019-08-26,58.0,24.0,83.0,4.0,4.0,6.0
2019-08-27,39.0,34.0,89.0,4.0,4.0,6.0
2019-08-28,57.0,27.0,71.0,5.0,4.0,8.0
2019-08-29,61.0,35.0,88.0,5.0,4.0,7.0
2019-08-30,69.0,45.0,96.0,4.0,4.0,8.0
2019-08-31,70.0,40.0,99.0,4.0,4.0,8.0
2019-09-01,72.0,40.0,88.0,4.0,4.0,8.0
2019-09-02,75.0,25.0,82.0,4.0,4.0,7.0
2019-09-03,51.0,32.0,89.0,4.0,4.0,7.0
2019-09-04,64.0,20.0,96.0,4.0,3.0,5.0
2019-09-05,36.0,36.0,56.0,5.0,4.0,3.0
2019-09-06,54.0,48.0,55.0,5.0,4.0,4.0
2019-09-07,66.0,0.0,0.0,0.0,0.0,0.0
2019-09-08,0.0,54.0,67.0,4.0,4.0,5.0
2019-09-09,63.0,46.0,84.0,4.0,4.0,3.0
2019-09-10,79.0,45.0,68.0,4.0,4.0,4.0
2019-09-11,68.0,0.0,55.0,4.0,4.0,3.0
2019-09-12,58.0,40.0,56.0,5.0,4.0,4.0
2019-09-13,74.0,38.0,57.0,4.0,4.0,4.0
2019-09-14,75.0,34.0,74.0,3.0,4.0,4.0
2019-09-15,66.0,34.0,67.0,4.0,4.0,4.0
2019-09-16,67.0,29.0,61.0,4.0,4.0,5.0
2019-09-17,58.0,39.0,84.0,4.0,4.0,5.0
2019-09-18,68.0,24.0,58.0,5.0,4.0,7.0
2019-09-19,46.0,47.0,91.0,4.0,4.0,7.0
2019-09-20,71.0,57.0,64.0,5.0,4.0,7.0
2019-09-21,94.0,73.0,85.0,4.0,4.0,7.0
2019-09-22,134.0,66.0,84.0,4.0,5.0,7.0
2019-09-23,129.0,52.0,88.0,4.0,4.0,6.0
2019-09-24,100.0,33.0,58.0,4.0,4.0,6.0
2019-09-25,56.0,27.0,84.0,4.0,4.0,5.0
2019-09-26,40.0,40.0,92.0,3.0,4.0,6.0
2019-09-27,52.0,46.0,98.0,3.0,4.0,6.0
2019-09-28,59.0,36.0,99.0,2.0,4.0,7.0
2019-09-29,65.0,33.0,92.0,3.0,4.0,7.0
2019-09-30,64.0,66.0,93.0,4.0,4.0,7.0
2019-10-01,82.0,41.0,91.0,3.0,4.0,6.0
2019-10-02,75.0,24.0,96.0,3.0,4.0,6.0
2019-10-03,50.0,42.0,92.0,3.0,4.0,6.0
2019-10-04,38.0,36.0,85.0,4.0,4.0,6.0
2019-10-05,61.0,64.0,74.0,3.0,4.0,6.0
2019-10-06,50.0,51.0,74.0,3.0,4.0,5.0
2019-10-07,63.0,67.0,81.0,3.0,4.0,6.0
2019-10-08,71.0,61.0,75.0,3.0,4.0,6.0
2019-10-09,54.0,55.0,67.0,3.0,3.0,4.0
2019-10-10,47.0,46.0,64.0,2.0,3.0,4.0
2019-10-11,48.0,55.0,69.0,2.0,4.0,3.0
2019-10-12,49.0,29.0,66.0,2.0,4.0,3.0
2019-10-13,45.0,49.0,71.0,2.0,4.0,3.0
2019-10-14,64.0,39.0,52.0,3.0,3.0,3.0
2019-10-15,59.0,25.0,31.0,2.0,3.0,3.0
2019-10-16,45.0,28.0,30.0,2.0,3.0,3.0
2019-10-17,57.0,32.0,28.0,2.0,3.0,4.0
2019-10-18,58.0,31.0,27.0,2.0,3.0,5.0
2019-10-19,46.0,42.0,34.0,2.0,3.0,7.0
2019-10-20,70.0,24.0,26.0,2.0,3.0,5.0
2019-10-21,40.0,26.0,33.0,3.0,3.0,6.0
2019-10-22,52.0,40.0,28.0,5.0,3.0,7.0
2019-10-23,65.0,47.0,25.0,4.0,3.0,7.0
2019-10-24,76.0,58.0,28.0,3.0,4.0,8.0
2019-10-25,87.0,77.0,31.0,3.0,3.0,9.0
2019-10-26,145.0,130.0,34.0,2.0,4.0,12.0
2019-10-27,209.0,53.0,27.0,2.0,4.0,5.0
2019-10-28,90.0,40.0,28.0,3.0,3.0,5.0
2019-10-29,60.0,29.0,29.0,4.0,4.0,5.0
2019-10-30,42.0,47.0,30.0,3.0,4.0,7.0
2019-10-31,65.0,46.0,31.0,2.0,4.0,10.0
2019-11-01,68.0,56.0,28.0,2.0,4.0,7.0
2019-11-02,89.0,0.0,36.0,3.0,3.0,8.0
2019-11-03,127.0,143.0,42.0,3.0,4.0,10.0
2019-11-04,167.0,115.0,33.0,3.0,4.0,10.0
2019-11-05,153.0,114.0,32.0,3.0,4.0,10.0
2019-11-06,167.0,123.0,32.0,4.0,6.0,9.0
2019-11-07,171.0,121.0,37.0,4.0,7.0,8.0
2019-11-08,172.0,109.0,38.0,4.0,4.0,8.0
2019-11-09,142.0,129.0,37.0,3.0,4.0,9.0
2019-11-10,153.0,73.0,35.0,5.0,4.0,6.0
2019-11-11,127.0,56.0,36.0,6.0,3.0,0.0
2019-11-12,87.0,77.0,90.0,4.0,3.0,2.0
2019-11-13,113.0,54.0,66.0,3.0,3.0,1.0
2019-11-14,81.0,46.0,84.0,4.0,3.0,2.0
2019-11-15,67.0,0.0,34.0,3.0,3.0,3.0
2019-11-16,,,,,,
2019-11-17,,,,,,
2019-11-18,,,,,,
2019-11-19,,,,,,
2019-11-20,,,,,,
2019-11-21,,,,,,
2019-11-22,,,,,,
2019-11-23,,,,,,
2019-11-24,,,,,,
2019-11-25,,,,,,
2019-11-26,,,,,,
2019-11-27,,,,,,
2019-11-28,,,,,,
2019-11-29,,,,,,
2019-11-30,,,,,,
2019-12-01,,,,,,
2019-12-02,,,,,,
2019-12-03,,,,,,
2019-12-04,,,,,,
2019-12-05,,,,,,
2019-12-06,,,,,,
2019-12-07,,,,,,
2019-12-08,,,,,,
2019-12-09,,,,,,
2019-12-10,,,,,,
2019-12-11,,,,,,
2019-12-12,,,,,,
2019-12-13,,,,,,
2019-12-14,,,,,,
2019-12-15,,,,,,
2019-12-16,,,,,,
2019-12-17,,,,,,
2019-12-18,,,,,,
2019-12-19,,,,,,
2019-12-20,,,,,,
2019-12-21,,,,,,
2019-12-22,,,,,,
2019-12-23,,,,,,
2019-12-24,,,,,,
2019-12-25,,,,,,
2019-12-26,,,,,,
2019-12-27,,,,,,
2019-12-28,,,,,,
2019-12-29,,,,,,
2019-12-30,,,,,,
2019-12-31,,,,,,
2020-01-01,,,,,,
2020-01-02,,,,,,
2020-01-03,,,,,,
2020-01-04,,,,,,
2020-01-05,,,,,,
2020-01-06,,,,,,
2020-01-07,,,,,,
2020-01-08,,,,,,
2020-01-09,,,,,,
2020-01-10,,,,,,
2020-01-11,,,,,,
2020-01-12,,,,,,
2020-01-13,,,,,,
2020-01-14,,,,,,
2020-01-15,,,,,,
2020-01-16,,,,,,
2020-01-17,,,,,,
2020-01-18,,,,,,
2020-01-19,,,,,,
2020-01-20,,,,,,
2020-01-21,,,,,,
2020-01-22,,,,,,
2020-01-23,,,,,,
2020-01-24,,,,,,
2020-01-25,,,,,,
2020-01-26,,,,,,
2020-01-27,,,,,,
2020-01-28,,,,,,
2020-01-29,,,,,,
2020-01-30,,,,,,
2020-01-31,,,,,,
2020-02-01,,,,,,
2020-02-02,,,,,,
2020-02-03,,,,,,
2020-02-04,,,,,,
2020-02-05,,,,,,
2020-02-06,,,,,,
2020-02-07,,,,,,
2020-02-08,,,,,,
2020-02-09,,,,,,
2020-02-10,,,,,,
2020-02-11,,,,,,
2020-02-12,,,,,,
2020-02-13,,,,,,
2020-02-14,,,,,,
2020-02-15,,,,,,
2020-02-16,,,,,,
2020-02-17,,,,,,
2020-02-18,,,,,,
2020-02-19,,,,,,
2020-02-20,,,,,,
2020-02-21,,,,,,
2020-02-22,,,,,,
2020-02-23,,,,,,
2020-02-24,,,,,,
2020-02-25,,,,,,
2020-02-26,,,,,,
2020-02-27,,,,,,
2020-02-28,,,,,,
2020-02-29,,,,,,
2020-03-01,,,,,,
2020-03-02,,,,,,
2020-03-03,,,,,,
2020-03-04,,,,,,
2020-03-05,,,,,,
2020-03-06,,,,,,
2020-03-07,,,,,,
2020-03-08,,,,,,
2020-03-09,,,,,,
2020-03-10,,,,,,
2020-03-11,,,,,,
2020-03-12,,,,,,
2020-03-13,,,,,,
2020-03-14,,,,,,
2020-03-15,,,,,,
2020-03-16,,,,,,
2020-03-17,,,,,,
2020-03-18,,,,,,
2020-03-19,,,,,,
2020-03-20,,,,,,
2020-03-21,,,,,,
2020-03-22,,,,,,
2020-03-23,,,,,,
2020-03-24,,,,,,
2020-03-25,,,,,,
2020-03-26,,,,,,
2020-03-27,,,,,,
2020-03-28,,,,,,
2020-03-29,,,,,,
2020-03-30,,,,,,
2020-03-31,,,,,,
2020-04-01,,,,,,
2020-04-02,,,,,,
2020-04-03,,,,,,
2020-04-04,,,,,,
2020-04-05,,,,,,
2020-04-06,,,,,,
2020-04-07,,,,,,
2020-04-08,,,,,,
2020-04-09,,,,,,
2020-04-10,,,,,,
2020-04-11,,,,,,
2020-04-12,,,,,,
2020-04-13,,,,,,
2020-04-14,,,,,,
2020-04-15,,,,,,
2020-04-16,,,,,,
2020-04-17,,,,,,
2020-04-18,,,,,,
2020-04-19,,,,,,
2020-04-20,,,,,,
2020-04-21,,,,,,
2020-04-22,,,,,,
2020-04-23,,,,,,
2020-04-24,,,,,,
2020-04-25,,,,,,
2020-04-26,,,,,,
2020-04-27,,,,,,
2020-04-28,,,,,,
2020-04-29,,,,,,
2020-04-30,,,,,,
2020-05-01,,,,,,
2020-05-02,,,,,,
2020-05-03,,,,,,
2020-05-04,,,,,,
2020-05-05,,,,,,
2020-05-06,,,,,,
2020-05-07,,,,,,
2020-05-08,,,,,,
2020-05-09,,,,,,
2020-05-10,,,,,,
2020-05-11,,,,,,
2020-05-12,,,,,,
2020-05-13,,,,,,
2020-05-14,,,,,,
2020-05-15,,,,,,
2020-05-16,,,,,,
2020-05-17,,,,,,
2020-05-18,,,,,,
2020-05-19,,,,,,
2020-05-20,,,,,,
2020-05-21,,,,,,
2020-05-22,,,,,,
2020-05-23,,,,,,
2020-05-24,,,,,,
2020-05-25,,,,,,
2020-05-26,,,,,,
2020-05-27,,,,,,
2020-05-28,,,,,,
2020-05-29,,,,,,
2020-05-30,,,,,,
2020-05-31,,,,,,
2020-06-01,,,,,,
2020-06-02,,,,,,
2020-06-03,,,,,,
2020-06-04,,,,,,
2020-06-05,,,,,,
2020-06-06,,,,,,
2020-06-07,,,,,,
2020-06-08,,,,,,
2020-06-09,,,,,,
2020-06-10,,,,,,
2020-06-11,,,,,,
2020-06-12,,,,,,
2020-06-13,,,,,,
2020-06-14,,,,,,
2020-06-15,,,,,,
2020-06-16,,,,,,
2020-06-17,,,,,,
2020-06-18,,,,,,
2020-06-19,,,,,,
2020-06-20,,,,,,
2020-06-21,,,,,,
2020-06-22,,,,,,
2020-06-23,,,,,,
2020-06-24,,,,,,
2020-06-25,,,,,,
2020-06-26,,,,,,
2020-06-27,,,,,,
2020-06-28,,,,,,
2020-06-29,,,,,,
2020-06-30,,,,,,
2020-07-01,,,,,,
2020-07-02,,,,,,
2020-07-03,,,,,,
2020-07-04,,,,,,
2020-07-05,,,,,,
2020-07-06,,,,,,
2020-07-07,,,,,,
2020-07-08,,,,,,
2020-07-09,,,,,,
2020-07-10,,,,,,
2020-07-11,,,,,,
2020-07-12,,,,,,
2020-07-13,,,,,,
2020-07-14,,,,,,
2020-07-15,,,,,,
2020-07-16,,,,,,
2020-07-17,,,,,,
2020-07-18,,,,,,
2020-07-19,,,,,,
2020-07-20,,,,,,
2020-07-21,,,,,,
2020-07-22,,,,,,
2020-07-23,,,,,,
2020-07-24,,,,,,
2020-07-25,,,,,,
2020-07-26,,,,,,
2020-07-27,,,,,,
2020-07-28,,,,,,
2020-07-29,,,,,,
2020-07-30,,,,,,
2020-07-31,,,,,,
2020-08-01,,,,,,
2020-08-02,,,,,,
2020-08-03,,,,,,
2020-08-04,,,,,,
2020-08-05,,,,,,
2020-08-06,,,,,,
2020-08-07,,,,,,
2020-08-08,,,,,,
2020-08-09,,,,,,
2020-08-10,,,,,,
2020-08-11,,,,,,
2020-08-12,,,,,,
2020-08-13,,,,,,
2020-08-14,,,,,,
2020-08-15,,,,,,
2020-08-16,,,,,,
2020-08-17,,,,,,
2020-08-18,,,,,,
2020-08-19,,,,,,
2020-08-20,,,,,,
2020-08-21,,,,,,
2020-08-22,,,,,,
2020-08-23,,,,,,
2020-08-24,,,,,,
2020-08-25,,,,,,
2020-08-26,,,,,,
2020-08-27,0.0,48.0,44.0,3.0,1.0,7.0
2020-08-28,109.0,49.0,44.0,4.0,2.0,8.0
2020-08-29,95.0,51.0,46.0,4.0,2.0,7.0
2020-08-30,109.0,34.0,37.0,2.0,1.0,6.0
2020-08-31,66.0,40.0,46.0,1.0,1.0,7.0
2020-09-01,60.0,39.0,39.0,3.0,2.0,7.0
2020-09-02,58.0,45.0,42.0,0.0,2.0,7.0
2020-09-03,65.0,32.0,42.0,1.0,2.0,7.0
2020-09-04,50.0,28.0,42.0,0.0,1.0,6.0
2020-09-05,29.0,28.0,43.0,0.0,2.0,6.0
2020-09-06,9.0,27.0,38.0,1.0,2.0,7.0
2020-09-07,40.0,28.0,41.0,1.0,2.0,8.0
2020-09-08,45.0,30.0,38.0,1.0,2.0,7.0
2020-09-09,48.0,29.0,39.0,2.0,2.0,8.0
2020-09-10,53.0,29.0,33.0,3.0,2.0,9.0
2020-09-11,61.0,21.0,31.0,3.0,2.0,9.0
2020-09-12,59.0,18.0,35.0,1.0,2.0,9.0
2020-09-13,43.0,17.0,30.0,2.0,2.0,8.0
2020-09-14,44.0,38.0,32.0,2.0,2.0,10.0
2020-09-15,72.0,44.0,32.0,2.0,2.0,10.0
2020-09-16,60.0,35.0,39.0,2.0,2.0,8.0
2020-09-17,65.0,35.0,39.0,3.0,2.0,8.0
2020-09-18,68.0,24.0,39.0,2.0,2.0,9.0
2020-09-19,34.0,19.0,33.0,3.0,2.0,7.0
2020-09-20,30.0,42.0,28.0,3.0,2.0,8.0
2020-09-21,57.0,42.0,31.0,2.0,2.0,8.0
2020-09-22,50.0,42.0,35.0,2.0,1.0,7.0
2020-09-23,61.0,45.0,41.0,6.0,2.0,7.0
2020-09-24,61.0,48.0,45.0,6.0,2.0,9.0
2020-09-25,51.0,30.0,40.0,7.0,2.0,9.0
2020-09-26,51.0,49.0,41.0,3.0,2.0,9.0
2020-09-27,63.0,31.0,32.0,5.0,2.0,8.0
2020-09-28,61.0,28.0,36.0,2.0,1.0,6.0
2020-09-29,69.0,25.0,32.0,4.0,0.0,2.0
2020-09-30,66.0,33.0,26.0,4.0,1.0,3.0
2020-10-01,75.0,49.0,26.0,4.0,1.0,4.0
2020-10-02,101.0,50.0,21.0,5.0,1.0,3.0
2020-10-03,85.0,38.0,22.0,4.0,1.0,3.0
2020-10-04,74.0,44.0,21.0,4.0,1.0,3.0
2020-10-05,78.0,54.0,37.0,3.0,1.0,4.0
2020-10-06,100.0,46.0,35.0,3.0,1.0,4.0
2020-10-07,97.0,49.0,36.0,2.0,1.0,4.0
2020-10-08,73.0,51.0,32.0,2.0,1.0,3.0
2020-10-09,85.0,53.0,32.0,1.0,1.0,4.0
2020-10-10,104.0,30.0,27.0,1.0,1.0,3.0
2020-10-11,49.0,34.0,24.0,2.0,1.0,4.0
2020-10-12,73.0,32.0,24.0,4.0,1.0,5.0
2020-10-13,67.0,44.0,19.0,4.0,1.0,5.0
2020-10-14,75.0,37.0,27.0,3.0,1.0,5.0
2020-10-15,80.0,49.0,29.0,3.0,1.0,4.0
2020-10-16,107.0,42.0,27.0,1.0,1.0,4.0
2020-10-17,92.0,51.0,27.0,0.0,1.0,5.0
2020-10-18,107.0,52.0,18.0,0.0,1.0,6.0
2020-10-19,106.0,54.0,22.0,0.0,1.0,8.0
2020-10-20,95.0,27.0,17.0,0.0,1.0,4.0
2020-10-21,69.0,53.0,13.0,2.0,1.0,6.0
2020-10-22,75.0,27.0,13.0,2.0,1.0,4.0
2020-10-23,67.0,30.0,22.0,2.0,1.0,7.0
2020-10-24,104.0,0.0,23.0,0.0,1.0,8.0
2020-10-25,136.0,7.0,30.0,0.0,1.0,5.0
2020-10-26,150.0,55.0,35.0,2.0,1.0,5.0
2020-10-27,141.0,56.0,24.0,2.0,3.0,4.0
2020-10-28,94.0,56.0,21.0,2.0,5.0,5.0
2020-10-29,99.0,62.0,21.0,3.0,5.0,6.0
2020-10-30,121.0,43.0,15.0,4.0,4.0,8.0
2020-10-31,135.0,0.0,24.0,3.0,4.0,8.0
2020-11-01,154.0,52.0,22.0,4.0,5.0,6.0
2020-11-02,166.0,77.0,27.0,4.0,5.0,6.0
2020-11-03,164.0,42.0,41.0,2.0,5.0,5.0
2020-11-04,124.0,35.0,29.0,1.0,5.0,4.0
2020-11-05,69.0,40.0,24.0,0.0,5.0,3.0
2020-11-06,59.0,23.0,24.0,4.0,4.0,3.0
2020-11-07,59.0,76.0,31.0,2.0,0.0,2.0
2020-11-08,151.0,61.0,26.0,2.0,3.0,3.0
2020-11-09,150.0,65.0,26.0,1.0,3.0,3.0
2020-11-10,130.0,58.0,35.0,1.0,2.0,4.0
2020-11-11,129.0,33.0,45.0,13.0,0.0,5.0
2020-11-12,78.0,48.0,44.0,14.0,2.0,3.0
2020-11-13,115.0,56.0,34.0,3.0,3.0,3.0
2020-11-14,102.0,50.0,32.0,2.0,3.0,2.0
2020-11-15,105.0,31.0,33.0,2.0,3.0,4.0
2020-11-16,65.0,25.0,31.0,1.0,3.0,3.0
2020-11-17,64.0,37.0,35.0,2.0,4.0,3.0
2020-11-18,86.0,35.0,30.0,2.0,4.0,2.0
2020-11-19,64.0,49.0,34.0,3.0,5.0,2.0
2020-11-20,104.0,43.0,33.0,2.0,4.0,3.0
2020-11-21,89.0,52.0,31.0,1.0,5.0,4.0
2020-11-22,94.0,47.0,24.0,3.0,5.0,4.0
2020-11-23,89.0,41.0,22.0,2.0,4.0,4.0
2020-11-24,101.0,35.0,14.0,2.0,4.0,3.0
2020-11-25,60.0,0.0,0.0,0.0,0.0,0.0
2020-11-26,0.0,28.0,24.0,1.0,5.0,14.0
2020-11-27,48.0,39.0,40.0,3.0,5.0,6.0
2020-11-28,45.0,35.0,26.0,1.0,5.0,5.0
2020-11-29,53.0,35.0,59.0,2.0,5.0,5.0
2020-11-30,57.0,49.0,53.0,2.0,5.0,7.0
2020-12-01,76.0,57.0,19.0,2.0,5.0,6.0
2020-12-02,85.0,47.0,17.0,2.0,5.0,5.0
2020-12-03,48.0,32.0,16.0,1.0,5.0,4.0
2020-12-04,42.0,37.0,8.0,2.0,5.0,3.0
2020-12-05,51.0,0.0,0.0,0.0,0.0,0.0
2020-12-06,0.0,35.0,20.0,2.0,5.0,6.0
2020-12-07,36.0,42.0,28.0,2.0,5.0,6.0
2020-12-08,51.0,52.0,32.0,2.0,6.0,6.0
2020-12-09,80.0,52.0,30.0,2.0,5.0,6.0
2020-12-10,94.0,76.0,29.0,1.0,5.0,6.0
2020-12-11,115.0,68.0,24.0,2.0,5.0,6.0
2020-12-12,115.0,0.0,0.0,0.0,0.0,0.0
2020-12-13,0.0,51.0,19.0,3.0,5.0,5.0
2020-12-14,122.0,69.0,20.0,4.0,5.0,5.0
2020-12-15,107.0,69.0,18.0,4.0,4.0,4.0
2020-12-16,101.0,49.0,19.0,4.0,4.0,4.0
2020-12-17,88.0,64.0,20.0,3.0,4.0,5.0
2020-12-18,108.0,65.0,21.0,3.0,4.0,5.0
2020-12-19,140.0,77.0,19.0,5.0,4.0,6.0
2020-12-20,135.0,63.0,24.0,5.0,4.0,5.0
2020-12-21,142.0,69.0,26.0,3.0,4.0,6.0
2020-12-22,126.0,71.0,23.0,3.0,5.0,7.0
2020-12-23,127.0,78.0,24.0,3.0,4.0,7.0
2020-12-24,135.0,69.0,22.0,2.0,4.0,7.0
2020-12-25,117.0,61.0,22.0,2.0,4.0,7.0
2020-12-26,109.0,74.0,22.0,2.0,4.0,8.0
2020-12-27,145.0,78.0,23.0,2.0,4.0,8.0
2020-12-28,147.0,73.0,22.0,3.0,4.0,8.0
2020-12-29,135.0,64.0,22.0,5.0,4.0,7.0
2020-12-30,120.0,81.0,21.0,4.0,3.0,6.0
2020-12-31,103.0,69.0,22.0,3.0,4.0,7.0
2021-01-01,117.0,68.0,19.0,3.0,3.0,7.0
2021-01-02,102.0,61.0,19.0,3.0,4.0,7.0
2021-01-03,97.0,63.0,18.0,4.0,4.0,7.0
2021-01-04,84.0,45.0,19.0,2.0,4.0,7.0
2021-01-05,68.0,41.0,21.0,3.0,4.0,7.0
2021-01-06,55.0,27.0,25.0,4.0,3.0,7.0
2021-01-07,53.0,31.0,48.0,3.0,4.0,5.0
2021-01-08,96.0,43.0,32.0,4.0,3.0,5.0
2021-01-09,79.0,52.0,18.0,4.0,4.0,5.0
2021-01-10,86.0,51.0,12.0,4.0,3.0,6.0
2021-01-11,98.0,54.0,18.0,4.0,4.0,5.0
2021-01-12,98.0,88.0,19.0,5.0,4.0,7.0
2021-01-13,125.0,66.0,23.0,4.0,4.0,5.0
2021-01-14,125.0,61.0,23.0,4.0,4.0,5.0
2021-01-15,134.0,60.0,22.0,3.0,4.0,6.0
2021-01-16,122.0,43.0,14.0,4.0,4.0,5.0
2021-01-17,99.0,50.0,17.0,4.0,4.0,5.0
2021-01-18,105.0,62.0,18.0,4.0,4.0,6.0
2021-01-19,127.0,65.0,22.0,4.0,3.0,6.0
2021-01-20,123.0,83.0,26.0,5.0,4.0,8.0
2021-01-21,112.0,62.0,23.0,5.0,4.0,7.0
2021-01-22,82.0,48.0,26.0,4.0,3.0,6.0
2021-01-23,86.0,0.0,0.0,0.0,0.0,0.0
2021-01-24,0.0,46.0,22.0,5.0,3.0,7.0
2021-01-25,115.0,53.0,20.0,6.0,4.0,7.0
2021-01-26,124.0,66.0,26.0,5.0,3.0,8.0
2021-01-27,145.0,95.0,28.0,5.0,3.0,9.0
2021-01-28,168.0,82.0,26.0,5.0,3.0,8.0
2021-01-29,158.0,61.0,28.0,6.0,3.0,8.0
2021-01-30,114.0,57.0,19.0,7.0,3.0,8.0
2021-01-31,150.0,59.0,21.0,7.0,4.0,7.0
2021-02-01,144.0,72.0,18.0,5.0,4.0,8.0
2021-02-02,146.0,63.0,21.0,6.0,4.0,7.0
2021-02-03,142.0,73.0,22.0,15.0,4.0,8.0
2021-02-04,146.0,76.0,20.0,19.0,4.0,8.0
2021-02-05,149.0,79.0,22.0,8.0,5.0,8.0
2021-02-06,151.0,75.0,20.0,5.0,4.0,8.0
2021-02-07,122.0,67.0,21.0,7.0,4.0,8.0
2021-02-08,134.0,67.0,18.0,7.0,4.0,8.0
2021-02-09,146.0,70.0,23.0,7.0,6.0,9.0
2021-02-10,140.0,69.0,18.0,6.0,5.0,8.0
2021-02-11,119.0,52.0,24.0,6.0,8.0,6.0
2021-02-12,109.0,48.0,21.0,6.0,5.0,6.0
2021-02-13,104.0,52.0,21.0,5.0,3.0,6.0
2021-02-14,108.0,61.0,22.0,6.0,4.0,7.0
2021-02-15,109.0,57.0,24.0,6.0,3.0,7.0
2021-02-16,117.0,68.0,28.0,5.0,3.0,7.0
2021-02-17,122.0,60.0,26.0,5.0,3.0,7.0
2021-02-18,138.0,67.0,25.0,6.0,3.0,7.0
2021-02-19,127.0,32.0,24.0,8.0,2.0,7.0
2021-02-20,68.0,38.0,21.0,7.0,2.0,7.0
2021-02-21,72.0,51.0,23.0,7.0,3.0,7.0
2021-02-22,98.0,70.0,24.0,6.0,3.0,7.0
2021-02-23,124.0,70.0,26.0,6.0,3.0,8.0
2021-02-24,112.0,64.0,27.0,7.0,4.0,8.0
2021-02-25,114.0,55.0,50.0,7.0,4.0,9.0
2021-02-26,111.0,40.0,62.0,7.0,3.0,9.0
2021-02-27,83.0,0.0,0.0,0.0,0.0,0.0
2021-02-28,0.0,45.0,56.0,7.0,4.0,7.0
2021-03-01,83.0,50.0,42.0,7.0,4.0,8.0
2021-03-02,109.0,67.0,49.0,7.0,4.0,8.0
2021-03-03,127.0,55.0,54.0,6.0,4.0,8.0
2021-03-04,107.0,66.0,41.0,6.0,4.0,7.0
2021-03-05,113.0,53.0,39.0,6.0,4.0,7.0
2021-03-06,98.0,39.0,57.0,6.0,9.0,7.0
2021-03-07,72.0,33.0,44.0,5.0,34.0,7.0
2021-03-08,64.0,27.0,40.0,4.0,37.0,7.0
2021-03-09,48.0,32.0,45.0,5.0,17.0,7.0
2021-03-10,54.0,33.0,50.0,5.0,6.0,7.0
2021-03-11,59.0,34.0,34.0,5.0,5.0,7.0
2021-03-12,62.0,39.0,41.0,5.0,4.0,7.0
2021-03-13,75.0,37.0,36.0,5.0,4.0,8.0
2021-03-14,76.0,47.0,39.0,6.0,3.0,8.0
2021-03-15,85.0,56.0,33.0,5.0,3.0,8.0
2021-03-16,89.0,49.0,35.0,6.0,3.0,9.0
2021-03-17,100.0,56.0,37.0,5.0,2.0,9.0
2021-03-18,118.0,70.0,38.0,6.0,2.0,9.0
2021-03-19,117.0,72.0,32.0,6.0,3.0,9.0
2021-03-20,128.0,63.0,38.0,6.0,2.0,9.0
2021-03-21,112.0,53.0,32.0,6.0,2.0,8.0
2021-03-22,108.0,58.0,33.0,6.0,2.0,9.0
2021-03-23,118.0,84.0,36.0,6.0,3.0,9.0
2021-03-24,145.0,76.0,39.0,6.0,3.0,9.0
2021-03-25,131.0,67.0,41.0,6.0,2.0,10.0
2021-03-26,128.0,57.0,39.0,6.0,3.0,8.0
2021-03-27,107.0,42.0,39.0,6.0,3.0,8.0
2021-03-28,72.0,41.0,31.0,8.0,2.0,8.0
2021-03-29,71.0,41.0,32.0,9.0,2.0,8.0
2021-03-30,87.0,30.0,31.0,8.0,2.0,8.0
2021-03-31,60.0,43.0,48.0,7.0,2.0,8.0
2021-04-01,82.0,65.0,45.0,8.0,2.0,9.0
2021-04-02,121.0,69.0,36.0,8.0,2.0,8.0
2021-04-03,109.0,63.0,37.0,6.0,2.0,7.0
2021-04-04,96.0,57.0,40.0,5.0,2.0,7.0
2021-04-05,96.0,53.0,45.0,5.0,2.0,8.0
2021-04-06,99.0,61.0,43.0,6.0,2.0,8.0
2021-04-07,100.0,62.0,41.0,6.0,2.0,8.0
2021-04-08,108.0,53.0,41.0,6.0,2.0,8.0
2021-04-09,97.0,50.0,46.0,5.0,2.0,8.0
2021-04-10,91.0,43.0,48.0,4.0,2.0,8.0
2021-04-11,87.0,29.0,43.0,5.0,2.0,7.0
2021-04-12,58.0,34.0,52.0,5.0,2.0,8.0
2021-04-13,71.0,35.0,49.0,5.0,2.0,8.0
2021-04-14,63.0,23.0,44.0,5.0,2.0,8.0
2021-04-15,49.0,37.0,42.0,6.0,2.0,8.0
2021-04-16,73.0,40.0,33.0,7.0,2.0,8.0
2021-04-17,80.0,31.0,38.0,7.0,1.0,8.0
2021-04-18,49.0,39.0,40.0,8.0,1.0,7.0
2021-04-19,90.0,39.0,39.0,8.0,2.0,3.0
2021-04-20,71.0,41.0,51.0,7.0,2.0,3.0
2021-04-21,63.0,32.0,46.0,8.0,2.0,2.0
2021-04-22,68.0,34.0,39.0,7.0,1.0,2.0
2021-04-23,68.0,35.0,39.0,6.0,2.0,3.0
2021-04-24,41.0,0.0,0.0,0.0,0.0,0.0
2021-04-25,0.0,47.0,43.0,7.0,1.0,3.0
2021-04-26,80.0,44.0,47.0,7.0,1.0,3.0
2021-04-27,83.0,43.0,50.0,7.0,1.0,3.0
2021-04-28,84.0,37.0,49.0,7.0,1.0,3.0
2021-04-29,77.0,100.0,58.0,6.0,1.0,4.0
2021-04-30,66.0,96.0,76.0,5.0,1.0,3.0
2021-05-01,57.0,79.0,56.0,5.0,1.0,3.0
2021-05-02,32.0,103.0,49.0,5.0,1.0,3.0
2021-05-03,39.0,46.0,46.0,6.0,1.0,4.0
2021-05-04,39.0,23.0,48.0,5.0,2.0,4.0
2021-05-05,39.0,20.0,64.0,5.0,2.0,4.0
2021-05-06,30.0,20.0,44.0,5.0,2.0,5.0
2021-05-07,36.0,26.0,45.0,5.0,2.0,5.0
2021-05-08,35.0,24.0,47.0,5.0,1.0,5.0
2021-05-09,32.0,18.0,40.0,6.0,1.0,5.0
2021-05-10,29.0,21.0,36.0,7.0,1.0,5.0
2021-05-11,34.0,31.0,35.0,7.0,1.0,5.0
2021-05-12,36.0,27.0,37.0,6.0,1.0,5.0
2021-05-13,37.0,19.0,36.0,6.0,1.0,6.0
2021-05-14,41.0,33.0,39.0,7.0,1.0,6.0
2021-05-15,35.0,32.0,35.0,6.0,1.0,6.0
2021-05-16,33.0,38.0,35.0,7.0,1.0,6.0
2021-05-17,58.0,37.0,37.0,7.0,1.0,6.0
2021-05-18,51.0,33.0,37.0,6.0,1.0,6.0
2021-05-19,46.0,25.0,44.0,7.0,1.0,7.0
2021-05-20,49.0,20.0,44.0,8.0,1.0,7.0
2021-05-21,47.0,25.0,38.0,7.0,1.0,8.0
2021-05-22,54.0,0.0,0.0,0.0,0.0,0.0
2021-05-23,,,,,,
2021-05-24,,,,,,
2021-05-25,,,,,,
2021-05-26,,,,,,
2021-05-27,,,,,,
2021-05-28,,,,,,
2021-05-29,,,,,,
2021-05-30,,,,,,
2021-05-31,,,,,,
2021-06-01,0.0,56.0,40.0,7.0,2.0,10.0
2021-06-02,79.0,53.0,34.0,7.0,2.0,10.0
2021-06-03,29.0,18.0,34.0,7.0,1.0,10.0
2021-06-04,30.0,27.0,43.0,6.0,1.0,9.0
2021-06-05,47.0,30.0,40.0,6.0,1.0,10.0
2021-06-06,55.0,39.0,34.0,8.0,1.0,12.0
2021-06-07,82.0,0.0,0.0,0.0,0.0,0.0
2021-06-08,0.0,39.0,39.0,7.0,2.0,10.0
2021-06-09,74.0,58.0,22.0,8.0,5.0,7.0
2021-06-10,70.0,45.0,37.0,8.0,3.0,7.0
2021-06-11,59.0,30.0,34.0,8.0,4.0,7.0
2021-06-12,55.0,23.0,24.0,9.0,3.0,7.0
2021-06-13,47.0,21.0,24.0,8.0,2.0,8.0
2021-06-14,48.0,34.0,26.0,8.0,2.0,8.0
2021-06-15,58.0,47.0,29.0,8.0,2.0,9.0
2021-06-16,73.0,52.0,33.0,8.0,2.0,10.0
2021-06-17,83.0,57.0,33.0,8.0,2.0,10.0
2021-06-18,81.0,52.0,35.0,8.0,2.0,10.0
2021-06-19,89.0,57.0,35.0,7.0,2.0,10.0
2021-06-20,92.0,54.0,32.0,8.0,2.0,11.0
2021-06-21,86.0,54.0,34.0,8.0,1.0,11.0
2021-06-22,92.0,48.0,33.0,7.0,2.0,12.0
2021-06-23,74.0,23.0,35.0,7.0,2.0,10.0
2021-06-24,57.0,53.0,34.0,7.0,2.0,8.0
2021-06-25,101.0,59.0,35.0,11.0,2.0,9.0
2021-06-26,102.0,31.0,34.0,11.0,2.0,9.0
2021-06-27,63.0,41.0,30.0,9.0,2.0,9.0
2021-06-28,75.0,50.0,31.0,8.0,2.0,7.0
2021-06-29,76.0,45.0,33.0,8.0,2.0,7.0
2021-06-30,72.0,35.0,39.0,8.0,2.0,7.0
2021-07-01,67.0,31.0,39.0,7.0,2.0,7.0
2021-07-02,59.0,31.0,41.0,6.0,3.0,8.0
2021-07-03,63.0,42.0,38.0,7.0,3.0,8.0
2021-07-04,76.0,21.0,46.0,7.0,3.0,7.0
2021-07-05,41.0,41.0,51.0,9.0,2.0,8.0
2021-07-06,72.0,37.0,38.0,8.0,2.0,8.0
2021-07-07,65.0,32.0,39.0,8.0,3.0,6.0
2021-07-08,66.0,20.0,40.0,8.0,3.0,6.0
2021-07-09,44.0,24.0,34.0,7.0,2.0,6.0
2021-07-10,44.0,25.0,31.0,8.0,3.0,6.0
2021-07-11,70.0,31.0,34.0,8.0,2.0,7.0
2021-07-12,118.0,35.0,35.0,8.0,2.0,8.0
2021-07-13,135.0,35.0,35.0,7.0,3.0,8.0
2021-07-14,114.0,18.0,38.0,7.0,3.0,7.0
2021-07-15,81.0,33.0,31.0,8.0,3.0,7.0
2021-07-16,113.0,21.0,34.0,5.0,3.0,7.0
2021-07-17,93.0,16.0,30.0,4.0,3.0,7.0
2021-07-18,63.0,17.0,29.0,4.0,3.0,7.0
2021-07-19,74.0,14.0,26.0,4.0,3.0,8.0
2021-07-20,69.0,9.0,43.0,3.0,4.0,10.0
2021-07-21,73.0,0.0,0.0,0.0,0.0,0.0
2021-07-22,,,,,,
2021-07-23,,,,,,
2021-07-24,,,,,,
2021-07-25,,,,,,
2021-07-26,,,,,,
2021-07-27,,,,,,
2021-07-28,,,,,,
2021-07-29,,,,,,
2021-07-30,,,,,,
2021-07-31,,,,,,
2021-08-01,,,,,,
2021-08-02,,,,,,
2021-08-03,,,,,,
2021-08-04,,,,,,
2021-08-05,,,,,,
2021-08-06,,,,,,
2021-08-07,,,,,,
2021-08-08,,,,,,
2021-08-09,,,,,,
2021-08-10,,,,,,
2021-08-11,,,,,,
2021-08-12,,,,,,
2021-08-13,,,,,,
2021-08-14,,,,,,
2021-08-15,,,,,,
2021-08-16,,,,,,
2021-08-17,,,,,,
2021-08-18,,,,,,
2021-08-19,,,,,,
2021-08-20,,,,,,
2021-08-21,,,,,,
2021-08-22,,,,,,
2021-08-23,,,,,,
2021-08-24,,,,,,
2021-08-25,,,,,,
2021-08-26,,,,,,
2021-08-27,,,,,,
2021-08-28,,,,,,
2021-08-29,,,,,,
2021-08-30,,,,,,
2021-08-31,,,,,,
2021-09-01,,,,,,
2021-09-02,,,,,,
2021-09-03,,,,,,
2021-09-04,,,,,,
2021-09-05,,,,,,
2021-09-06,,,,,,
2021-09-07,,,,,,
2021-09-08,,,,,,
2021-09-09,,,,,,
2021-09-10,,,,,,
2021-09-11,,,,,,
2021-09-12,,,,,,
2021-09-13,,,,,,
2021-09-14,,,,,,
2021-09-15,,,,,,
2021-09-16,,,,,,
2021-09-17,,,,,,
2021-09-18,,,,,,
2021-09-19,,,,,,
2021-09-20,,,,,,
2021-09-21,,,,,,
2021-09-22,,,,,,
2021-09-23,,,,,,
2021-09-24,,,,,,
2021-09-25,,,,,,
2021-09-26,,,,,,
2021-09-27,,,,,,
2021-09-28,,,,,,
2021-09-29,,,,,,
2021-09-30,,,,,,
2021-10-01,,,,,,
2021-10-02,,,,,,
2021-10-03,,,,,,
2021-10-04,,,,,,
2021-10-05,,,,,,
2021-10-06,,,,,,
2021-10-07,,,,,,
2021-10-08,,,,,,
2021-10-09,,,,,,
2021-10-10,,,,,,
2021-10-11,,,,,,
2021-10-12,,,,,,
2021-10-13,,,,,,
2021-10-14,,,,,,
2021-10-15,,,,,,
2021-10-16,,,,,,
2021-10-17,,,,,,
2021-10-18,,,,,,
2021-10-19,,,,,,
2021-10-20,,,,,,
2021-10-21,,,,,,
2021-10-22,,,,,,
2021-10-23,,,,,,
2021-10-24,,,,,,
2021-10-25,,,,,,
2021-10-26,,,,,,
2021-10-27,,,,,,
2021-10-28,0.0,51.0,12.0,2.0,4.0,9.0
2021-10-29,19.0,49.0,25.0,1.0,3.0,9.0
2021-10-30,44.0,24.0,27.0,0.0,1.0,9.0
2021-10-31,52.0,32.0,23.0,0.0,2.0,8.0
2021-11-01,30.0,35.0,28.0,1.0,2.0,6.0
2021-11-02,58.0,46.0,33.0,2.0,3.0,2.0
2021-11-03,93.0,160.0,29.0,1.0,3.0,2.0
2021-11-04,225.0,71.0,30.0,1.0,3.0,2.0
2021-11-05,83.0,13.0,26.0,1.0,3.0,1.0
2021-11-06,28.0,29.0,28.0,1.0,3.0,1.0
2021-11-07,47.0,68.0,29.0,0.0,3.0,3.0
2021-11-08,150.0,63.0,31.0,0.0,3.0,4.0
2021-11-09,134.0,61.0,25.0,1.0,3.0,3.0
2021-11-10,149.0,42.0,19.0,1.0,4.0,2.0
2021-11-11,111.0,0.0,0.0,0.0,0.0,0.0
2021-11-12,,,,,,
2021-11-13,,,,,,
2021-11-14,,,,,,
2021-11-15,,,,,,
2021-11-16,0.0,18.0,21.0,13.0,3.0,10.0
2021-11-17,49.0,44.0,20.0,12.0,4.0,9.0
2021-11-18,67.0,50.0,24.0,10.0,4.0,9.0
2021-11-19,85.0,32.0,30.0,10.0,4.0,8.0
2021-11-20,65.0,55.0,32.0,14.0,4.0,8.0
2021-11-21,95.0,50.0,26.0,11.0,4.0,6.0
2021-11-22,57.0,41.0,26.0,12.0,4.0,6.0
2021-11-23,80.0,49.0,30.0,7.0,4.0,5.0
2021-11-24,100.0,55.0,29.0,18.0,3.0,6.0
2021-11-25,97.0,48.0,31.0,8.0,4.0,6.0
2021-11-26,84.0,36.0,27.0,1.0,4.0,5.0
2021-11-27,71.0,22.0,27.0,3.0,4.0,4.0
2021-11-28,45.0,17.0,27.0,3.0,3.0,4.0
2021-11-29,39.0,0.0,0.0,0.0,0.0,0.0
2021-11-30,,,,,,
2021-12-01,0.0,46.0,30.0,1.0,5.0,9.0
2021-12-02,104.0,57.0,41.0,2.0,5.0,7.0
2021-12-03,128.0,62.0,38.0,12.0,6.0,7.0
2021-12-04,141.0,85.0,41.0,7.0,6.0,7.0
2021-12-05,158.0,70.0,41.0,1.0,6.0,6.0
2021-12-06,151.0,70.0,41.0,1.0,5.0,5.0
2021-12-07,122.0,39.0,36.0,1.0,5.0,5.0
2021-12-08,74.0,35.0,34.0,0.0,5.0,0.0
2021-12-09,72.0,40.0,27.0,0.0,5.0,0.0
2021-12-10,77.0,38.0,32.0,1.0,5.0,5.0
2021-12-11,69.0,46.0,22.0,0.0,6.0,3.0
2021-12-12,74.0,58.0,25.0,1.0,5.0,2.0
2021-12-13,119.0,59.0,23.0,2.0,5.0,3.0
2021-12-14,302.0,52.0,25.0,3.0,6.0,4.0
2021-12-15,301.0,61.0,28.0,2.0,6.0,5.0
2021-12-16,232.0,71.0,27.0,1.0,5.0,4.0
2021-12-17,159.0,65.0,26.0,1.0,5.0,5.0
2021-12-18,153.0,62.0,27.0,2.0,5.0,5.0
2021-12-19,149.0,83.0,21.0,2.0,6.0,6.0
2021-12-20,161.0,82.0,15.0,1.0,5.0,8.0
2021-12-21,134.0,106.0,18.0,2.0,6.0,8.0
2021-12-22,161.0,99.0,20.0,1.0,5.0,9.0
2021-12-23,160.0,76.0,20.0,1.0,5.0,7.0
2021-12-24,124.0,74.0,26.0,0.0,6.0,7.0
2021-12-25,119.0,78.0,21.0,0.0,6.0,7.0
2021-12-26,123.0,66.0,23.0,2.0,5.0,8.0
2021-12-27,114.0,50.0,17.0,0.0,6.0,7.0
2021-12-28,84.0,57.0,15.0,3.0,6.0,7.0
2021-12-29,97.0,56.0,8.0,2.0,5.0,6.0
2021-12-30,89.0,60.0,6.0,3.0,6.0,7.0
2021-12-31,97.0,56.0,7.0,1.0,5.0,7.0
2022-01-01,78.0,0.0,0.0,0.0,0.0,0.0
2022-01-02,0.0,62.0,10.0,2.0,6.0,8.0
2022-01-03,120.0,54.0,9.0,3.0,6.0,8.0
2022-01-04,103.0,52.0,12.0,0.0,6.0,8.0
2022-01-05,91.0,57.0,13.0,3.0,7.0,8.0
2022-01-06,92.0,46.0,21.0,5.0,6.0,8.0
2022-01-07,84.0,38.0,17.0,0.0,7.0,7.0
2022-01-08,65.0,40.0,21.0,0.0,7.0,6.0
2022-01-09,76.0,37.0,14.0,1.0,6.0,7.0
2022-01-10,69.0,33.0,31.0,0.0,6.0,9.0
2022-01-11,55.0,31.0,28.0,3.0,7.0,11.0
2022-01-12,94.0,82.0,25.0,8.0,8.0,12.0
2022-01-13,124.0,45.0,29.0,16.0,10.0,8.0
2022-01-14,52.0,214.0,32.0,15.0,11.0,8.0
2022-01-15,62.0,270.0,30.0,13.0,9.0,7.0
2022-01-16,74.0,95.0,22.0,6.0,6.0,8.0
2022-01-17,75.0,55.0,22.0,8.0,4.0,10.0
2022-01-18,15.0,47.0,24.0,13.0,4.0,11.0
2022-01-19,30.0,62.0,28.0,10.0,1.0,11.0
2022-01-20,17.0,68.0,26.0,13.0,3.0,8.0
2022-01-21,23.0,63.0,36.0,7.0,4.0,2.0
2022-01-22,156.0,55.0,34.0,8.0,3.0,2.0
2022-01-23,11.0,49.0,62.0,7.0,3.0,3.0
2022-01-24,20.0,49.0,41.0,18.0,3.0,3.0
2022-01-25,23.0,36.0,41.0,15.0,3.0,2.0
2022-01-26,20.0,47.0,37.0,3.0,3.0,2.0
2022-01-27,15.0,64.0,31.0,3.0,3.0,2.0
2022-01-28,14.0,79.0,30.0,0.0,3.0,4.0
2022-01-29,18.0,79.0,34.0,0.0,3.0,4.0
2022-01-30,19.0,81.0,36.0,5.0,3.0,5.0
2022-01-31,13.0,81.0,37.0,4.0,3.0,4.0
2022-02-01,111.0,70.0,39.0,10.0,3.0,5.0
2022-02-02,25.0,48.0,39.0,14.0,3.0,4.0
2022-02-03,21.0,45.0,59.0,10.0,3.0,4.0
2022-02-04,24.0,50.0,43.0,10.0,3.0,4.0
2022-02-05,13.0,36.0,45.0,8.0,3.0,3.0
2022-02-06,8.0,70.0,39.0,6.0,3.0,3.0
2022-02-07,23.0,74.0,44.0,7.0,3.0,4.0
2022-02-08,25.0,56.0,39.0,3.0,3.0,5.0
2022-02-09,25.0,44.0,32.0,5.0,3.0,9.0
2022-02-10,258.0,51.0,35.0,15.0,3.0,9.0
2022-02-11,97.0,67.0,33.0,10.0,3.0,9.0
2022-02-12,26.0,70.0,32.0,0.0,3.0,9.0
2022-02-13,18.0,63.0,33.0,3.0,3.0,10.0
2022-02-14,30.0,61.0,34.0,4.0,3.0,9.0
2022-02-15,22.0,56.0,33.0,5.0,3.0,10.0
2022-02-16,23.0,77.0,36.0,7.0,2.0,10.0
2022-02-17,25.0,56.0,30.0,3.0,3.0,10.0
2022-02-18,28.0,74.0,33.0,4.0,2.0,11.0
2022-02-19,117.0,92.0,31.0,8.0,2.0,11.0
2022-02-20,294.0,65.0,41.0,11.0,3.0,12.0
2022-02-21,20.0,71.0,56.0,15.0,3.0,11.0
2022-02-22,140.0,43.0,38.0,7.0,3.0,10.0
2022-02-23,18.0,61.0,30.0,7.0,3.0,10.0
2022-02-24,24.0,63.0,31.0,5.0,3.0,10.0
2022-02-25,26.0,57.0,37.0,4.0,3.0,10.0
2022-02-26,18.0,45.0,29.0,6.0,3.0,10.0
2022-02-27,15.0,66.0,31.0,4.0,3.0,8.0
2022-02-28,13.0,74.0,30.0,6.0,2.0,6.0
2022-03-01,18.0,91.0,28.0,9.0,3.0,7.0
2022-03-02,99.0,90.0,29.0,2.0,3.0,7.0
2022-03-03,122.0,76.0,25.0,2.0,3.0,7.0
2022-03-04,136.0,61.0,30.0,3.0,3.0,6.0
2022-03-05,93.0,46.0,26.0,0.0,3.0,6.0
2022-03-06,80.0,62.0,30.0,0.0,3.0,6.0
2022-03-07,114.0,73.0,34.0,1.0,2.0,7.0
2022-03-08,126.0,78.0,37.0,3.0,3.0,8.0
2022-03-09,131.0,7.0,43.0,7.0,3.0,8.0
2022-03-10,118.0,50.0,35.0,5.0,3.0,8.0
2022-03-11,147.0,96.0,32.0,4.0,3.0,8.0
2022-03-12,142.0,89.0,34.0,3.0,3.0,8.0
2022-03-13,152.0,97.0,31.0,4.0,3.0,9.0
2022-03-14,145.0,0.0,38.0,0.0,3.0,8.0
2022-03-15,139.0,153.0,80.0,3.0,3.0,9.0
2022-03-16,143.0,72.0,69.0,2.0,4.0,9.0
2022-03-17,144.0,78.0,89.0,3.0,4.0,6.0
2022-03-18,123.0,89.0,30.0,2.0,4.0,2.0
2022-03-19,107.0,84.0,24.0,2.0,4.0,3.0
2022-03-20,122.0,77.0,29.0,3.0,3.0,3.0
2022-03-21,141.0,80.0,34.0,4.0,4.0,4.0
2022-03-22,115.0,64.0,35.0,3.0,4.0,4.0
2022-03-23,128.0,61.0,27.0,4.0,4.0,3.0
2022-03-24,109.0,57.0,34.0,6.0,4.0,3.0
2022-03-25,99.0,54.0,31.0,6.0,4.0,3.0
2022-03-26,98.0,51.0,30.0,6.0,4.0,3.0
2022-03-27,85.0,42.0,30.0,7.0,4.0,3.0
2022-03-28,73.0,45.0,31.0,6.0,4.0,3.0
2022-03-29,65.0,32.0,30.0,6.0,4.0,3.0
2022-03-30,53.0,49.0,25.0,1.0,4.0,3.0
2022-03-31,77.0,37.0,32.0,2.0,4.0,3.0
2022-04-01,64.0,38.0,31.0,3.0,4.0,3.0
